skin, weight  volume  label
0,0.158542933 0.070444167 O
1,0.419165841 0.5034666,O
0,0.605188278 0.738582233 O
0,0.044626513 0.978638228 A
0,0.417752585 0.635902289 O
0,0.166556077 0.375541781 A
1,0.816315035 0.911471596 O
0,0.617758632 0.629693286 O
1,0.241465124 0.231469245 O
1,0.82925035  0.627703796 O
0,0.371265687 0.527379764 O
1,0.616699096 0.244219848 O
0,0.550165853 0.779350776 O
0,0.640765484 0.167126991 O
0,0.19574569  0.757540392 A
1,0.496224304 0.787928, A
0,0.790620353 0.97455931  O
1,0.519350457 0.780370046 A
0,0.555750946 0.482850138 O
1,0.631411418 0.357283529 O
1,0.747700867 0.548398001 O
0,0.317445078 0.175412673 O
0,0.764351438 0.560804131 O
1,0.21174224  0.268276927 O
1,0.918291181 0.008503407 O
1,0.372269555 0.830358682 A
1,0.62002593  0.93413676  A
1,0.98078274  0.87146915  O
1,0.459224191 0.668047272 A
1,0.74241091  0.313719752 O
1,0.914502951 0.501596832 O
1,0.139260438 0.465493765 A
1,0.217515502 0.486735023 A
1,0.469590324 0.772248213 A
1,0.690982692 0.50415528  O
1,0.850191478 0.096851005 O
0,0.772276371 0.073592434 O
0,0.460236422 0.078452192 O
0,0.409717279 0.783754248 A
0,0.667235241 0.01211512  O
0,0.534,0.164,O
0,0.903,0.619,O
1,0.541,0.713,O
0,0.129,0.305,A
1,0.315,0.167,O
1,0.280,0.911,A
1,0.272,0.228,O
0,0.717,0.477,O
0,0.329,0.822,A
0,0.839,0.243,O
1,0.513,0.406,O
0,0.281,0.913,A
0,0.253,0.253,O
1,0.510,0.248,O
1,0.102,0.148,A
1,0.113,0.094,O
1,0.281,0.211,O
0,0.964,0.327,O
1,0.322,0.699,A
0,0.805,0.157,O
0,0.985,0.230,O
1,0.689,0.136,O
0,0.553,0.757,O
0,0.822,0.445,O
0,0.885,0.409,O
1,0.555,0.755,O
0,0.477,0.631,O
1,0.490,0.854,A
1,0.026,0.166,A